{
    "PresentParticiple": "Unknowning",
    "PastParticiple": "Unknowned",
    "Indicative": {
        "PresentTense": {
            "Yo": "curraro",
            "Tu": "curraras",
            "ElEllaUsted": "currara",
            "Nosotros": "curraramos",
            "Vosotros": "curraráis",
            "EllosEllasUstedes": "curraran"
        },
        "Pretérito": {
            "Yo": "curraré",
            "Tu": "curraraste",
            "ElEllaUsted": "curraró",
            "Nosotros": "curraramos",
            "Vosotros": "currarasteis",
            "EllosEllasUstedes": "currararon"
        },
        "Imperfect": {
            "Yo": "curraraba",
            "Tu": "currarabas",
            "ElEllaUsted": "curraraba",
            "Nosotros": "currarábamos",
            "Vosotros": "currarabais",
            "EllosEllasUstedes": "curraraban"
        },
        "Conditional": {
            "Yo": "currararía",
            "Tu": "currararías",
            "ElEllaUsted": "currararía",
            "Nosotros": "currararíamos",
            "Vosotros": "currararíais",
            "EllosEllasUstedes": "currararían"
        },
        "Future": {
            "Yo": "currararé",
            "Tu": "currararás",
            "ElEllaUsted": "currarará",
            "Nosotros": "currararemos",
            "Vosotros": "currararéis",
            "EllosEllasUstedes": "currararán"
        }
    },
    "Subjunctive": null,
    "Name": "currar",
    "EnglishMeaning": "English meaning of Unknown"
}