{
    "PresentParticiple": "Unknowning",
    "PastParticiple": "Unknowned",
    "Indicative": {
        "PresentTense": {
            "Yo": "dirigiro",
            "Tu": "dirigiras",
            "ElEllaUsted": "dirigira",
            "Nosotros": "dirigiramos",
            "Vosotros": "dirigiráis",
            "EllosEllasUstedes": "dirigiran"
        },
        "Pretérito": {
            "Yo": "dirigiré",
            "Tu": "dirigiraste",
            "ElEllaUsted": "dirigiró",
            "Nosotros": "dirigiramos",
            "Vosotros": "dirigirasteis",
            "EllosEllasUstedes": "dirigiraron"
        },
        "Imperfect": {
            "Yo": "dirigiraba",
            "Tu": "dirigirabas",
            "ElEllaUsted": "dirigiraba",
            "Nosotros": "dirigirábamos",
            "Vosotros": "dirigirabais",
            "EllosEllasUstedes": "dirigiraban"
        },
        "Conditional": {
            "Yo": "dirigiraría",
            "Tu": "dirigirarías",
            "ElEllaUsted": "dirigiraría",
            "Nosotros": "dirigiraríamos",
            "Vosotros": "dirigiraríais",
            "EllosEllasUstedes": "dirigirarían"
        },
        "Future": {
            "Yo": "dirigiraré",
            "Tu": "dirigirarás",
            "ElEllaUsted": "dirigirará",
            "Nosotros": "dirigiraremos",
            "Vosotros": "dirigiraréis",
            "EllosEllasUstedes": "dirigirarán"
        }
    },
    "Subjunctive": null,
    "Name": "dirigir",
    "EnglishMeaning": "English meaning of Unknown"
}