{
    "PresentParticiple": "Unknowning",
    "PastParticiple": "Unknowned",
    "Indicative": {
        "PresentTense": {
            "Yo": "exponero",
            "Tu": "exponeras",
            "ElEllaUsted": "exponera",
            "Nosotros": "exponeramos",
            "Vosotros": "exponeráis",
            "EllosEllasUstedes": "exponeran"
        },
        "Pretérito": {
            "Yo": "exponeré",
            "Tu": "exponeraste",
            "ElEllaUsted": "exponeró",
            "Nosotros": "exponeramos",
            "Vosotros": "exponerasteis",
            "EllosEllasUstedes": "exponeraron"
        },
        "Imperfect": {
            "Yo": "exponeraba",
            "Tu": "exponerabas",
            "ElEllaUsted": "exponeraba",
            "Nosotros": "exponerábamos",
            "Vosotros": "exponerabais",
            "EllosEllasUstedes": "exponeraban"
        },
        "Conditional": {
            "Yo": "exponeraría",
            "Tu": "exponerarías",
            "ElEllaUsted": "exponeraría",
            "Nosotros": "exponeraríamos",
            "Vosotros": "exponeraríais",
            "EllosEllasUstedes": "exponerarían"
        },
        "Future": {
            "Yo": "exponeraré",
            "Tu": "exponerarás",
            "ElEllaUsted": "exponerará",
            "Nosotros": "exponeraremos",
            "Vosotros": "exponeraréis",
            "EllosEllasUstedes": "exponerarán"
        }
    },
    "Subjunctive": null,
    "Name": "exponer",
    "EnglishMeaning": "English meaning of Unknown"
}