{
    "PresentParticiple": "Unknowning",
    "PastParticiple": "Unknowned",
    "Indicative": {
        "PresentTense": {
            "Yo": "hundiro",
            "Tu": "hundiras",
            "ElEllaUsted": "hundira",
            "Nosotros": "hundiramos",
            "Vosotros": "hundiráis",
            "EllosEllasUstedes": "hundiran"
        },
        "Pretérito": {
            "Yo": "hundiré",
            "Tu": "hundiraste",
            "ElEllaUsted": "hundiró",
            "Nosotros": "hundiramos",
            "Vosotros": "hundirasteis",
            "EllosEllasUstedes": "hundiraron"
        },
        "Imperfect": {
            "Yo": "hundiraba",
            "Tu": "hundirabas",
            "ElEllaUsted": "hundiraba",
            "Nosotros": "hundirábamos",
            "Vosotros": "hundirabais",
            "EllosEllasUstedes": "hundiraban"
        },
        "Conditional": {
            "Yo": "hundiraría",
            "Tu": "hundirarías",
            "ElEllaUsted": "hundiraría",
            "Nosotros": "hundiraríamos",
            "Vosotros": "hundiraríais",
            "EllosEllasUstedes": "hundirarían"
        },
        "Future": {
            "Yo": "hundiraré",
            "Tu": "hundirarás",
            "ElEllaUsted": "hundirará",
            "Nosotros": "hundiraremos",
            "Vosotros": "hundiraréis",
            "EllosEllasUstedes": "hundirarán"
        }
    },
    "Subjunctive": null,
    "Name": "hundir",
    "EnglishMeaning": "English meaning of Unknown"
}