{
    "PresentParticiple": "Unknowning",
    "PastParticiple": "Unknowned",
    "Indicative": {
        "PresentTense": {
            "Yo": "ingresoso",
            "Tu": "ingresosas",
            "ElEllaUsted": "ingresosa",
            "Nosotros": "ingresosamos",
            "Vosotros": "ingresosáis",
            "EllosEllasUstedes": "ingresosan"
        },
        "Pretérito": {
            "Yo": "ingresosé",
            "Tu": "ingresosaste",
            "ElEllaUsted": "ingresosó",
            "Nosotros": "ingresosamos",
            "Vosotros": "ingresosasteis",
            "EllosEllasUstedes": "ingresosaron"
        },
        "Imperfect": {
            "Yo": "ingresosaba",
            "Tu": "ingresosabas",
            "ElEllaUsted": "ingresosaba",
            "Nosotros": "ingresosábamos",
            "Vosotros": "ingresosabais",
            "EllosEllasUstedes": "ingresosaban"
        },
        "Conditional": {
            "Yo": "ingresosaría",
            "Tu": "ingresosarías",
            "ElEllaUsted": "ingresosaría",
            "Nosotros": "ingresosaríamos",
            "Vosotros": "ingresosaríais",
            "EllosEllasUstedes": "ingresosarían"
        },
        "Future": {
            "Yo": "ingresosaré",
            "Tu": "ingresosarás",
            "ElEllaUsted": "ingresosará",
            "Nosotros": "ingresosaremos",
            "Vosotros": "ingresosaréis",
            "EllosEllasUstedes": "ingresosarán"
        }
    },
    "Subjunctive": null,
    "Name": "ingresos",
    "EnglishMeaning": "English meaning of Unknown"
}