{
    "PresentParticiple": "Unknowning",
    "PastParticiple": "Unknowned",
    "Indicative": {
        "PresentTense": {
            "Yo": "rogaro",
            "Tu": "rogaras",
            "ElEllaUsted": "rogara",
            "Nosotros": "rogaramos",
            "Vosotros": "rogaráis",
            "EllosEllasUstedes": "rogaran"
        },
        "Pretérito": {
            "Yo": "rogaré",
            "Tu": "rogaraste",
            "ElEllaUsted": "rogaró",
            "Nosotros": "rogaramos",
            "Vosotros": "rogarasteis",
            "EllosEllasUstedes": "rogararon"
        },
        "Imperfect": {
            "Yo": "rogaraba",
            "Tu": "rogarabas",
            "ElEllaUsted": "rogaraba",
            "Nosotros": "rogarábamos",
            "Vosotros": "rogarabais",
            "EllosEllasUstedes": "rogaraban"
        },
        "Conditional": {
            "Yo": "rogararía",
            "Tu": "rogararías",
            "ElEllaUsted": "rogararía",
            "Nosotros": "rogararíamos",
            "Vosotros": "rogararíais",
            "EllosEllasUstedes": "rogararían"
        },
        "Future": {
            "Yo": "rogararé",
            "Tu": "rogararás",
            "ElEllaUsted": "rogarará",
            "Nosotros": "rogararemos",
            "Vosotros": "rogararéis",
            "EllosEllasUstedes": "rogararán"
        }
    },
    "Subjunctive": null,
    "Name": "rogar",
    "EnglishMeaning": "English meaning of Unknown"
}