{
    "PresentParticiple": "Unknowning",
    "PastParticiple": "Unknowned",
    "Indicative": {
        "PresentTense": {
            "Yo": "superaro",
            "Tu": "superaras",
            "ElEllaUsted": "superara",
            "Nosotros": "superaramos",
            "Vosotros": "superaráis",
            "EllosEllasUstedes": "superaran"
        },
        "Pretérito": {
            "Yo": "superaré",
            "Tu": "superaraste",
            "ElEllaUsted": "superaró",
            "Nosotros": "superaramos",
            "Vosotros": "superarasteis",
            "EllosEllasUstedes": "superararon"
        },
        "Imperfect": {
            "Yo": "superaraba",
            "Tu": "superarabas",
            "ElEllaUsted": "superaraba",
            "Nosotros": "superarábamos",
            "Vosotros": "superarabais",
            "EllosEllasUstedes": "superaraban"
        },
        "Conditional": {
            "Yo": "superararía",
            "Tu": "superararías",
            "ElEllaUsted": "superararía",
            "Nosotros": "superararíamos",
            "Vosotros": "superararíais",
            "EllosEllasUstedes": "superararían"
        },
        "Future": {
            "Yo": "superararé",
            "Tu": "superararás",
            "ElEllaUsted": "superarará",
            "Nosotros": "superararemos",
            "Vosotros": "superararéis",
            "EllosEllasUstedes": "superararán"
        }
    },
    "Subjunctive": null,
    "Name": "superar",
    "EnglishMeaning": "English meaning of Unknown"
}